
	<!DOCTYPE project [
		<!ELEMENT project (objectids-table | current-scenario | duration | aggregation-period | truncated-mean | percentile)* >
	
		<!ELEMENT objectids-table (objectids-entry)* >
		<!ELEMENT objectids-entry (#PCDATA)>
		<!ELEMENT duration (#PCDATA)>
		<!ELEMENT truncated-mean (#PCDATA)>
		<!ELEMENT percentile (#PCDATA)>
		<!ELEMENT aggregation-period (#PCDATA)>
		<!ELEMENT current-scenario (#PCDATA)>
		<!ATTLIST duration
		    value CDATA #REQUIRED>
	    <!ATTLIST aggregation-period
		    value CDATA #REQUIRED>
		<!ATTLIST objectids-entry
		    objectid CDATA #REQUIRED
		    type CDATA #REQUIRED
		    value CDATA #REQUIRED
		    key CDATA #REQUIRED>
		<!ATTLIST truncated-mean
		    centered-interval CDATA #REQUIRED
		    percentage CDATA #REQUIRED>
		 <!ATTLIST percentile
		    percentage CDATA #REQUIRED>
	]>


<!--****** RUNTIME PROJECT ******--><project>
<!--****** CURRENT SCENARIO ******-->
<current-scenario>scenario1</current-scenario>
<!--****** OBJECTIDS ******-->
<objectids-table>
<objectids-entry key="" objectid="0" type="LG_HOST" value="localhost:7100"/>
<objectids-entry key="" objectid="1" type="ZONE" value="Default zone"/>
<objectids-entry key="Default zone¤Population1¤" objectid="2" type="POPULATION" value="Population1"/>
<objectids-entry key="Default zone¤Population1¤UserPath" objectid="318" type="VIRTUAL_USER" value="UserPath"/>
<objectids-entry key="Default zone¤Population1¤UserPath" objectid="319" type="BASIC_LOGICAL_CONTAINER" value="$parent=UserPath;$index=0"/>
<objectids-entry key="Default zone¤Population1¤UserPath" objectid="320" type="BASIC_LOGICAL_CONTAINER" value="$parent=UserPath;$index=1"/>
<objectids-entry key="Default zone¤Population1¤UserPath" objectid="321" type="HTTP_PAGE" value="bae83bc0-f9cd-4873-bfbf-8a4c6a97faa7"/>
<objectids-entry key="Default zone¤Population1¤UserPath" objectid="322" type="ACTION" value="4162ed2d-e9f1-4155-8ad2-6c62ea910df5"/>
<objectids-entry key="Default zone¤Population1¤UserPath" objectid="323" type="ACTION" value="f58729d3-1bf0-4f3d-aa54-731ccb69a1ca"/>
<objectids-entry key="Default zone¤Population1¤UserPath" objectid="324" type="ACTION" value="6e9c14b7-ac94-42c6-aab0-409d1f99c612"/>
<objectids-entry key="Default zone¤Population1¤UserPath" objectid="325" type="ACTION" value="2907552f-ec75-4c66-981a-a7f16145d395"/>
<objectids-entry key="Default zone¤Population1¤UserPath" objectid="326" type="ACTION" value="c5e16aac-8668-4bd6-b1c3-ce82153ae3a0"/>
<objectids-entry key="Default zone¤Population1¤UserPath" objectid="327" type="ACTION" value="4488c193-e1b8-4889-acd9-ce39e44339c5"/>
<objectids-entry key="Default zone¤Population1¤UserPath" objectid="328" type="ACTION" value="a07420ba-8f63-42b0-879d-9c0b755eaee4"/>
<objectids-entry key="Default zone¤Population1¤UserPath" objectid="329" type="ACTION" value="b230ce20-fb33-406c-a741-ef61f418ac32"/>
<objectids-entry key="Default zone¤Population1¤UserPath" objectid="330" type="ACTION" value="3cdd6cfa-e5b8-411a-bb07-c099499ee470"/>
<objectids-entry key="Default zone¤Population1¤UserPath" objectid="331" type="ACTION" value="32d7154f-693b-4205-a854-06bcaa8c97e6"/>
<objectids-entry key="Default zone¤Population1¤UserPath" objectid="332" type="ACTION" value="c41b6cbf-e35e-440e-a203-370f978b8b9f"/>
<objectids-entry key="Default zone¤Population1¤UserPath" objectid="333" type="ACTION" value="dcb3403c-a22d-4958-904d-9da648ebcb9b"/>
<objectids-entry key="Default zone¤Population1¤UserPath" objectid="334" type="ACTION" value="58f9c193-1889-4da6-a54c-8004f60f19b5"/>
<objectids-entry key="Default zone¤Population1¤UserPath" objectid="335" type="ACTION" value="bc0753d6-ec7c-48e2-93bc-69bd44b184ed"/>
<objectids-entry key="Default zone¤Population1¤UserPath" objectid="336" type="ACTION" value="eca55a5c-e587-4502-8c23-4ecc121d9a5c"/>
<objectids-entry key="Default zone¤Population1¤UserPath" objectid="337" type="ACTION" value="7272cb96-d3e9-4335-a51c-d3e56f189ab5"/>
<objectids-entry key="Default zone¤Population1¤UserPath" objectid="338" type="ACTION" value="4773694e-765e-46e3-b0bc-feeb64af83c9"/>
<objectids-entry key="Default zone¤Population1¤UserPath" objectid="339" type="ACTION" value="21385362-5a63-425e-ad4c-415de6dbf8d6"/>
<objectids-entry key="Default zone¤Population1¤UserPath" objectid="340" type="ACTION" value="e9ca8058-f240-4d94-bf7e-c77e85588d5b"/>
<objectids-entry key="Default zone¤Population1¤UserPath" objectid="341" type="ACTION" value="b38c242f-0d99-4b55-b6dc-6f720ad59609"/>
<objectids-entry key="Default zone¤Population1¤UserPath" objectid="342" type="ACTION" value="b5b42583-481a-4220-8cf6-0437bb0f8bc8"/>
<objectids-entry key="Default zone¤Population1¤UserPath" objectid="343" type="ACTION" value="2e2528bd-3e79-48ea-889e-f17a9e0ada77"/>
<objectids-entry key="Default zone¤Population1¤UserPath" objectid="344" type="ACTION" value="4fe7ee8b-ae6f-428c-bf73-f5c98456b304"/>
<objectids-entry key="Default zone¤Population1¤UserPath" objectid="345" type="ACTION" value="f65b70b6-6429-489d-bcfd-2c8651629194"/>
<objectids-entry key="Default zone¤Population1¤UserPath" objectid="346" type="ACTION" value="a4dbc44d-1eca-4259-88bd-ea45612ffd84"/>
<objectids-entry key="Default zone¤Population1¤UserPath" objectid="347" type="ACTION" value="c979916c-abca-4f6b-8b12-df29468f5c7c"/>
<objectids-entry key="Default zone¤Population1¤UserPath" objectid="348" type="ACTION" value="3b48a831-a126-48e1-8b1a-dcef7f6e99b8"/>
<objectids-entry key="Default zone¤Population1¤UserPath" objectid="349" type="ACTION" value="b25bc011-586f-4d4a-997f-2af6d620a30e"/>
<objectids-entry key="Default zone¤Population1¤UserPath" objectid="350" type="ACTION" value="accb7cbe-9fa7-4c9c-be21-9aad8685e85f"/>
<objectids-entry key="Default zone¤Population1¤UserPath" objectid="351" type="ACTION" value="eeecf1c6-0731-4f24-baaa-ae3d7f421e7b"/>
<objectids-entry key="Default zone¤Population1¤UserPath" objectid="352" type="ACTION" value="e656031e-635a-4e3b-be93-4d93b7e2963b"/>
<objectids-entry key="Default zone¤Population1¤UserPath" objectid="353" type="ACTION" value="488f76d3-15f3-42e4-8a44-ff0ee77ae827"/>
<objectids-entry key="Default zone¤Population1¤UserPath" objectid="354" type="HTTP_PAGE" value="cb4fb82b-06c4-41be-becf-00983a7a4a30"/>
<objectids-entry key="Default zone¤Population1¤UserPath" objectid="355" type="ACTION" value="99d60970-d412-47ca-a1dc-0a656e9181b9"/>
<objectids-entry key="Default zone¤Population1¤UserPath" objectid="356" type="HTTP_PAGE" value="0689f791-644f-4d22-a04a-511ed7cdca6e"/>
<objectids-entry key="Default zone¤Population1¤UserPath" objectid="357" type="ACTION" value="beb9f733-f56c-4f0a-9f95-9d84981878fe"/>
<objectids-entry key="Default zone¤Population1¤UserPath" objectid="358" type="HTTP_PAGE" value="60d540f3-2ecb-44bd-8e00-7aa69a139cd2"/>
<objectids-entry key="Default zone¤Population1¤UserPath" objectid="359" type="ACTION" value="437e0f4b-5534-475c-bf5c-75f4b41bd9cc"/>
<objectids-entry key="Default zone¤Population1¤UserPath" objectid="360" type="ACTION" value="19323b06-e306-4fa2-85a4-969c709d0fc7"/>
<objectids-entry key="Default zone¤Population1¤UserPath" objectid="361" type="HTTP_PAGE" value="748ed1e5-6aa6-42da-9851-0d2f2a504e18"/>
<objectids-entry key="Default zone¤Population1¤UserPath" objectid="362" type="ACTION" value="7131fbc7-e6e2-489e-972d-16a555c350cc"/>
<objectids-entry key="Default zone¤Population1¤UserPath" objectid="363" type="ACTION" value="a48639ad-2d14-40bc-afab-77a416b6bd48"/>
<objectids-entry key="Default zone¤Population1¤UserPath" objectid="364" type="HTTP_PAGE" value="ee9eaeaf-3189-4f3b-93a2-9d2861ae38e4"/>
<objectids-entry key="Default zone¤Population1¤UserPath" objectid="365" type="ACTION" value="4536cdd0-c726-40b4-a78b-fc48ccc8aa5b"/>
<objectids-entry key="Default zone¤Population1¤UserPath" objectid="366" type="HTTP_PAGE" value="8fdc1725-8072-45a6-a4e8-b71f0cacdc50"/>
<objectids-entry key="Default zone¤Population1¤UserPath" objectid="367" type="ACTION" value="054667c2-6818-440d-b45a-2479393884e5"/>
<objectids-entry key="Default zone¤Population1¤UserPath" objectid="368" type="HTTP_PAGE" value="2dcdd90f-7047-442e-8afe-4d0e7429119d"/>
<objectids-entry key="Default zone¤Population1¤UserPath" objectid="369" type="ACTION" value="16f4918d-dba4-4dd1-9585-381b7f455566"/>
<objectids-entry key="Default zone¤Population1¤UserPath" objectid="370" type="HTTP_PAGE" value="ae330f2e-df75-4f95-ac37-9b7fd730548f"/>
<objectids-entry key="Default zone¤Population1¤UserPath" objectid="371" type="ACTION" value="dfdcc417-567c-4866-b2a5-b03463e974d1"/>
<objectids-entry key="Default zone¤Population1¤UserPath" objectid="372" type="HTTP_PAGE" value="ebd6380f-8eb6-48e7-ae98-83615ccf5f7e"/>
<objectids-entry key="Default zone¤Population1¤UserPath" objectid="373" type="ACTION" value="297263d7-68a5-4481-bdad-ee3e3fbb9368"/>
<objectids-entry key="Default zone¤Population1¤UserPath" objectid="374" type="HTTP_PAGE" value="07321ed8-4cc1-4530-923d-05c7ffbe5b87"/>
<objectids-entry key="Default zone¤Population1¤UserPath" objectid="375" type="ACTION" value="ec79a14b-af0f-4fdb-91aa-1aacbf90a2cc"/>
<objectids-entry key="Default zone¤Population1¤UserPath" objectid="376" type="HTTP_PAGE" value="e6bf3352-ff3f-416f-9a33-0c6053873b31"/>
<objectids-entry key="Default zone¤Population1¤UserPath" objectid="377" type="ACTION" value="5a30185c-5d17-4f12-bae9-4d51f08e916a"/>
<objectids-entry key="Default zone¤Population1¤UserPath" objectid="378" type="HTTP_PAGE" value="b528e981-dd85-445c-be75-72253b9f606f"/>
<objectids-entry key="Default zone¤Population1¤UserPath" objectid="379" type="ACTION" value="82a5e692-2136-44b0-9df4-1366decb706f"/>
<objectids-entry key="Default zone¤Population1¤UserPath" objectid="380" type="BASIC_LOGICAL_CONTAINER" value="$parent=UserPath;$index=2"/>
<objectids-entry key="¤¤" objectid="381" type="MONITORED_HOST" value="NeoLoad"/>
<objectids-entry key="¤¤" objectid="382" type="MONITORCONNECTION" value="NeoLoad$NeoLoad"/>
<objectids-entry key="¤¤" objectid="383" type="MONITOR" value="NeoLoad$NeoLoad$UserLoad"/>
<objectids-entry key="¤¤" objectid="384" type="MONITOR" value="NeoLoad$NeoLoad$throughput"/>
<objectids-entry key="¤¤" objectid="385" type="MONITOR" value="NeoLoad$NeoLoad$Alerts"/>
<objectids-entry key="¤¤" objectid="386" type="MONITOR" value="NeoLoad$NeoLoad$CriticalAlerts"/>
<objectids-entry key="¤¤" objectid="387" type="MONITOR" value="NeoLoad$NeoLoad$WarningAlerts"/>
<objectids-entry key="¤¤" objectid="388" type="MONITOR" value="NeoLoad$NeoLoad$cpu"/>
<objectids-entry key="¤¤" objectid="389" type="THRESHOLD" value="NeoLoad$NeoLoad$6c83a68b-01b2-4214-8cbd-e25b51129443"/>
<objectids-entry key="¤¤" objectid="390" type="MONITOR" value="NeoLoad$NeoLoad$memory"/>
<objectids-entry key="¤¤" objectid="391" type="THRESHOLD" value="NeoLoad$NeoLoad$f6a6dd8a-da50-4803-9e56-d98dd7564fc6"/>
<objectids-entry key="¤¤" objectid="392" type="MONITOR" value="NeoLoad$NeoLoad$threadcount"/>
<objectids-entry key="¤¤" objectid="393" type="MONITOR" value="NeoLoad$NeoLoad$connectedlg"/>
<objectids-entry key="¤¤" objectid="394" type="MONITOR" value="NeoLoad$NeoLoad$totallgdisconnections"/>
<objectids-entry key="¤¤" objectid="395" type="THRESHOLD" value="NeoLoad$NeoLoad$b1c47017-3ea0-4d3a-9370-00fb96c63495"/>
<objectids-entry key="¤¤" objectid="396" type="MONITOR" value="NeoLoad$NeoLoad$totallgreconnections"/>
<objectids-entry key="¤¤" objectid="397" type="MONITOR" value="NeoLoad$NeoLoad$otcp.NeoLoad"/>
<objectids-entry key="¤¤" objectid="398" type="MONITOR" value="NeoLoad$NeoLoad$tcp.NeoLoad"/>
<objectids-entry key="¤¤" objectid="399" type="MONITOR" value="NeoLoad$NeoLoad$ibytesperinterface~NeoLoad~en0"/>
<objectids-entry key="¤¤" objectid="400" type="MONITOR" value="NeoLoad$NeoLoad$obytesperinterface~NeoLoad~en0"/>
<objectids-entry key="¤¤" objectid="401" type="MONITOR" value="NeoLoad$NeoLoad$ibytesperinterface~NeoLoad~en5"/>
<objectids-entry key="¤¤" objectid="402" type="MONITOR" value="NeoLoad$NeoLoad$obytesperinterface~NeoLoad~en5"/>
<objectids-entry key="¤¤" objectid="403" type="MONITOR" value="NeoLoad$NeoLoad$nlwebdownload"/>
<objectids-entry key="¤¤" objectid="404" type="MONITOR" value="NeoLoad$NeoLoad$nlwebupload"/>
<objectids-entry key="¤¤" objectid="405" type="MONITOR" value="NeoLoad$NeoLoad$SapUserLoad"/>
<objectids-entry key="¤¤" objectid="406" type="MONITOR" value="NeoLoad$NeoLoad$CitrixUserLoad"/>
<objectids-entry key="¤¤" objectid="407" type="MONITOR" value="NeoLoad$NeoLoad$zoneuserload~Default zone"/>
<objectids-entry key="¤¤" objectid="408" type="MONITOR" value="NeoLoad$NeoLoad$zoneuserloadperpopulation~Default zone~Population1"/>
<objectids-entry key="¤¤" objectid="409" type="MONITOR" value="NeoLoad$NeoLoad$zoneuserloadperpopulation~Default zone~Population1~UserPath"/>
<objectids-entry key="¤¤" objectid="410" type="MONITORED_HOST" value="LG localhost:7100"/>
<objectids-entry key="¤¤" objectid="411" type="MONITORCONNECTION" value="LG localhost:7100$NeoLoad"/>
<objectids-entry key="¤¤" objectid="412" type="MONITOR" value="LG localhost:7100$NeoLoad$lgcpu.localhost:7100"/>
<objectids-entry key="¤¤" objectid="413" type="THRESHOLD" value="LG localhost:7100$NeoLoad$169466e9-eac4-4a91-941d-041977eaf98b"/>
<objectids-entry key="¤¤" objectid="414" type="MONITOR" value="LG localhost:7100$NeoLoad$lgmemory.localhost:7100"/>
<objectids-entry key="¤¤" objectid="415" type="THRESHOLD" value="LG localhost:7100$NeoLoad$d585173e-98b3-4944-9544-7a7f7deabb15"/>
<objectids-entry key="¤¤" objectid="416" type="MONITOR" value="LG localhost:7100$NeoLoad$lgthroughput.localhost:7100"/>
<objectids-entry key="¤¤" objectid="417" type="MONITOR" value="LG localhost:7100$NeoLoad$lguserloadperpopulation~localhost:7100"/>
<objectids-entry key="¤¤" objectid="418" type="MONITOR" value="LG localhost:7100$NeoLoad$lgthreadcount.localhost:7100"/>
<objectids-entry key="¤¤" objectid="419" type="MONITOR" value="LG localhost:7100$NeoLoad$lg.jetty.httpclient.threadpool.used.localhost:7100"/>
<objectids-entry key="¤¤" objectid="420" type="MONITOR" value="LG localhost:7100$NeoLoad$lg.jetty.httpclient.taskpool.used.localhost:7100"/>
<objectids-entry key="¤¤" objectid="421" type="THRESHOLD" value="LG localhost:7100$NeoLoad$11fd4bda-f8a3-4768-bba9-50d076a3bf03"/>
<objectids-entry key="¤¤" objectid="422" type="MONITOR" value="LG localhost:7100$NeoLoad$lgdisconnections.localhost:7100"/>
<objectids-entry key="¤¤" objectid="423" type="MONITOR" value="LG localhost:7100$NeoLoad$lgreconnections.localhost:7100"/>
<objectids-entry key="¤¤" objectid="424" type="MONITOR" value="LG localhost:7100$NeoLoad$lgping.localhost:7100"/>
<objectids-entry key="¤¤" objectid="425" type="MONITOR" value="LG localhost:7100$NeoLoad$lgotcp.localhost:7100"/>
<objectids-entry key="¤¤" objectid="426" type="MONITOR" value="LG localhost:7100$NeoLoad$lgtcp.localhost:7100"/>
<objectids-entry key="¤¤" objectid="427" type="MONITOR" value="LG localhost:7100$NeoLoad$lgibytesperinterface~localhost:7100~en0"/>
<objectids-entry key="¤¤" objectid="428" type="MONITOR" value="LG localhost:7100$NeoLoad$lgobytesperinterface~localhost:7100~en0"/>
<objectids-entry key="¤¤" objectid="429" type="MONITOR" value="LG localhost:7100$NeoLoad$lgibytesperinterface~localhost:7100~en5"/>
<objectids-entry key="¤¤" objectid="430" type="MONITOR" value="LG localhost:7100$NeoLoad$lgobytesperinterface~localhost:7100~en5"/>
</objectids-table>
<!--****** DURATION ******-->
<duration value="120195"/>
<!--****** AGGREGATION PERIOD ******-->
<aggregation-period value="1000"/>
<!--****** EXTENDED STATISTICS ******-->
<truncated-mean centered-interval="true" percentage="90"/>
<percentile percentage="50"/>
</project>
